<?xml version="1.0" encoding="UTF-8"?> 
<!DOCTYPE hibernate-configuration PUBLIC "-//Hibernate/Hibernate Configuration DTD 3.0//EN" "http://www.hibernate.org/dtd/hibernate-configuration-3.0.dtd">
<hibernate-configuration>
	<session-factory>
		<property name="hibernate.connection.driver_class">com.mysql.jdbc.Driver</property>
		<property name="hibernate.connection.password">root</property>
		<!--  Adicionar, se preciso o encoding ?characterEncoding=UTF-8; -->
		<property name="hibernate.connection.url">jdbc:mysql://127.0.0.1:3306/hibernate_api?createDatabaseIfNotExist=true</property>
		<property name="hibernate.connection.username">root</property>
		<property name="hibernate.dialect">org.hibernate.dialect.MySQL5InnoDBDialect</property>
		<property name="hibernate.show_sql">true</property>
		<property name="hibernate.format_sql">true</property>
		<property name="hibernate.current_session_context_class">thread</property>
		<property name="hbm2ddl.auto">create</property>
<!-- 		<property name="hibernate.cache.provider_class">org.hibernate.cache.EhCacheProvider</property> -->
<!-- 		<property name="hibernate.cache.region.factory_class">org.hibernate.cache.ehcache.EhCacheRegionFactory</property> -->
<!-- 		<property name="hibernate.cache.use_second_level_cache">true</property> -->
<!-- 		<property name="hibernate.cache.use_query_cache">true</property> -->
<!-- 		<property name="hibernate.cache">trace</property> -->
		<!-- Mapeamento de Classes -->
		<mapping class="br.fiap.com.entity.Cliente" />
		<mapping class="br.fiap.com.entity.Pedido" />
	</session-factory>
</hibernate-configuration>